Date,Time SB,cruise,station,depth,lat,lon,salinity
20100202,22:23:00,CV3,1,2.7,41.31166667,-70.84666667,32.256
20100203,22:32:00,CV3,7,2.5,39.72866667,-72.04583333,33.471
20100203,17:21:00,CV3,9,3.5,39.4465,-72.64266667,34.073
20100203,23:34:00,CV3,11,3,39.64816667,-73.15016667,33.74
20100204,11:36:00,CV3,14.1,0,38.533,-73.2465,-999
20100204,15:31:00,CV3,14.2,0,38.30312,-73.77228333,-999
20100204,18:05:00,CV3,15,0,38.26976167,-74.2047,-999
20100204,21:48:00,CV3,16.1,0,37.836,-74.15933333,-999
20100204,23:37:00,CV3,17,3.5,37.60963333,-74.2869,34.611
20100208,18:29:00,CV3,25,3.1,37.08925,-75.67735,31.64
20100208,21:00:00,CV3,25.1,0.87,37.42366667,-75.44383333,-999
20100208,23:36:00,CV3,26,6.5,37.76833333,-75.21733333,31.884
20100209,12:19:00,CV3,30,2.8,39.06133333,-74.117,33.773
20100209,13:30:00,CV3,30.1,0,39.20666667,-74.08666667,-999
20100209,18:03:00,CV3,31,2.7,39.56316667,-74.045,31.532
20100209,17:47:00,CV3,32,0,39.60505333,-73.77558333,-999
20100209,20:00:00,CV3,33,0,39.92633333,-73.88233333,-999
20100210,22:32:00,CV3,34,3.3,40.17965,-73.1941,33.119
20100210,11:11:00,CV3,39,0,40.89741667,-71.81546667,31.853
20100212,15:03:00,CV3,39.1,0,41.987235,-69.96703333,-999
20100212,17:36:00,CV3,40,3.3,41.64191667,-69.61911667,32.743
20100212,20:26:00,CV3,42,0,41.60033333,-69.21683333,-999
20100212,22:26:00,CV3,43,4.7,41.47906667,-69.09736667,32.86
20100213,11:58:00,CV3,48,2.2,40.56573333,-68.16295,33.104
20100213,15:20:00,CV3,49,0,40.39716667,-67.69233333,-999
20100213,17:05:00,CV3,50,3.5,40.60085167,-67.7549,32.796
20100213,19:29:00,CV3,51,0,40.85233333,-67.486,-999
20100213,21:42:00,CV3,52,0,40.89616667,-67.0825,-999
20100213,23:20:00,CV3,53,3.4,41.02175,-66.9235,32.513
20100214,10:44:00,CV3,58,0,41.05613333,-66.41466667,35.273
20100214,14:37:00,CV3,59,0,41.3945,-66.383,-999
20100214,17:55:00,CV3,60,0,41.8075,-66.15183333,-999
20100214,19:50:00,CV3,61,0,42.05733333,-66.01166667,-999
20100214,21:55:00,CV3,62,0,42.21486667,-65.77938333,-999
20100215,17:08:00,CV3,67.1,0,41.84866667,-67.6765,-999
20100215,19:05:00,CV3,68,0,41.68416667,-67.61166667,-999
20100216,12:05:00,CV3,75,2.2,42.15828333,-68.8709,32.977
20100216,14:50:00,CV3,76,0,42.41566667,-69.339,-999
20100216,17:28:00,CV3,77,3.3,42.50503333,-69.652,32.38
20100216,20:56:00,CV3,79,0,42.69016667,-70.0875,-999
20100217,0:50:00,CV3,81,0,43.1125,-70.091,-999
20100217,12:28:00,CV3,89,3.4,42.42666667,-70.45166667,32.273
20100217,15:00:00,CV3,91,0,42.4365,-70.211,-999
20100217,17:47:00,CV3,93,5.5,42.17516667,-70.1045,32.59
20100217,20:05:00,CV3,94,0,42.06533333,-70.4555,32.261
20100526,17:52:00,CV4,1,2,41.10908667,-71.10888933,31.512
20100526,22:20:00,CV4,3,2.8,41.09593333,-70.57281667,31.785
20100527,10:56:00,CV4,8,3,40.35483333,-71.91783333,31.854
20100527,16:34:00,CV4,11,3.1,40.0258,-72.22213333,32.146
20100527,22:31:00,CV4,14,3.3,39.7286,-72.53726667,32.24
20100528,10:45:00,CV4,20,2.7,39.0611,-73.31871667,32.017
20100528,18:27:00,CV4,23,2.8,38.5151,-73.69303333,32.066
20100528,22:52:00,CV4,24,3.3,38.44278333,-74.44518333,31.133
20100529,10:50:00,CV4,30,3,37.33718333,-74.5958,31.972
20100529,14:02:00,CV4,30.1,0,37.02006667,-75.09203333,-999
20100529,16:07:00,CV4,31,0,36.81226667,-75.37326667,31.441
20100529,18:12:00,CV4,32,0,36.6439,-75.07461667,-999
20100529,20:12:00,CV4,32.1,0,36.35883333,-75.01365,-999
20100529,22:18:00,CV4,33,2.9,36.07273333,-74.95863333,29.618
20100530,10:34:00,CV4,39,2.8,36.48313333,-75.6318,29.618
20100530,14:09:00,CV4,41,0,36.76785,-75.91106667,-999
20100530,16:01:00,CV4,41.1,0,36.95675,-75.66518333,-999
20100530,16:46:00,CV4,41.2,0,37.04405,-75.56563333,-999
20100530,18:02:00,CV4,42,2.9,37.1451,-75.44926667,31.275
20100530,19:11:00,CV4,43,0,37.31148333,-75.44755,-999
20100530,20:26:00,CV4,43.1,0,37.4799,-75.3816,-999
20100530,23:24:00,CV4,45,2.7,37.81986667,-75.14116667,30.231
20100531,5:31:00,CV4,46,0,38.81333333,-75.04833333,-999
20100531,10:35:00,CV4,48,2.4,39.0163,-74.26066667,31.275
20100531,14:58:00,CV4,50.1,0,39.49788333,-74.12403333,-999
20100531,16:59:00,CV4,51,2.8,39.68978333,-73.97206667,29.969
20100531,18:18:00,CV4,51.1,0,39.86983333,-73.85268333,-999
20100531,19:20:00,CV4,51.2,0,40.008,-73.73568333,-999
20100531,20:20:00,CV4,51.3,0,40.14531667,-73.62358333,-999
20100531,23:09:00,CV4,53,2.5,40.44706667,-73.48243333,30.964
20100601,11:01:00,CV4,58,2.4,40.97753333,-71.91106667,30.525
20100601,14:48:00,CV4,59.1,0,40.60283333,-71.35468333,-999
20100601,16:16:00,CV4,60,3.2,40.49888333,-71.16438333,32.378
20100601,18:32:00,CV4,60.1,0,40.3389,-70.90616667,-999
20100601,19:51:00,CV4,61,0,40.23083333,-70.68416667,-999
20100601,22:51:00,CV4,62,4.5,40.35371167,-70.2189,32.358
20100602,11:17:00,CV4,66.1,0,40.61471667,-68.76521667,-999
20100602,16:09:00,CV4,69,0,40.14786667,-69.12088333,-999
20100602,19:04:00,CV4,69.1,0,40.1928,-68.67316667,-999
20100602,22:48:00,CV4,71,3.8,40.34305,-68.3004,32.567
20100603,11:21:00,CV4,77,0,40.63955,-67.11915,32.086
20100603,14:52:00,CV4,80,0,41.02031667,-67.1135,-999
20100603,16:42:00,CV4,81,2.9,40.98401667,-66.84391667,32.269
20100603,18:44:00,CV4,82,0,40.9557,-66.475,-999
20100603,22:21:00,CV4,83,4,41.38936667,-66.2714,32.086
20100604,6:23:00,CV4,87,4,42.23166667,-65.77166667,32.277
20100604,11:18:00,CV4,89,2.1,42.13845,-66.35423333,31.779
20100604,14:50:00,CV4,91,0,41.81545,-66.84861667,-999
20100604,17:40:00,CV4,92,3,41.772,-66.46211667,32.096
20100604,19:42:00,CV4,93,0,41.52323333,-66.67653333,-999
20100604,22:05:00,CV4,94,2.8,41.39128333,-67.0019,32.239
20100605,10:50:00,CV4,101,0,41.33381667,-68.84701667,32.049
20100605,15:00:00,CV4,103,0,41.268,-69.51416667,-999
20100605,17:11:00,CV4,104,2.7,41.52821667,-69.67691667,31.133
20100605,19:30:00,CV4,104.1,0,41.88796667,-69.56866667,31.133
20100605,22:10:00,CV4,105,3.3,42.1778,-69.48273333,31.542
20100606,11:04:00,CV4,109,2.9,41.81418333,-68.86793333,31.417
20100606,14:33:00,CV4,109.1,0,41.81366667,-68.09533333,31.415
20100606,16:22:00,CV4,110,0,41.80648333,-67.8135,32.054
20100606,19:25:00,CV4,112,0,42.23256667,-67.77741667,-999
20100606,22:45:00,CV4,114,0,42.54195,-67.69395,-999
20100607,10:57:00,CV4,118.1,0,43.62086667,-67.23286667,-999
20100607,15:16:00,CV4,119,2.9,44.05113333,-66.8666,32.007
20100607,18:06:00,CV4,120,2.8,44.23318333,-67.26025,32.142
20100607,19:23:00,CV4,121,0,44.10833333,-67.24503333,-999
20100607,20:34:00,CV4,121.1,0,44.08651667,-67.3991,-999
20100607,22:53:00,CV4,122,3.3,44.00426667,-67.75221667,32.261
20100608,11:19:00,CV4,126,2.7,43.40828333,-67.6916,32.112
20100608,14:03:00,CV4,127,3.3,43.14356667,-67.92856667,31.748
20100608,16:18:00,CV4,128,3.4,42.89416667,-68.15658333,31.732
20100608,17:50:00,CV4,129,0,42.689,-68.32906667,-999
20100608,19:30:00,CV4,129.1,0,42.80388333,-68.4895,-999
20100608,20:46:00,CV4,129.2,0,42.97256667,-68.67295,-999
20100608,22:51:00,CV4,130,2.8,43.19498333,-68.9235,31.521
20100609,4:19:00,CV4,132,0,43.59333333,-69.66666667,-999
20100609,10:50:00,CV4,136,1.8,43.02048333,-70.09918333,30.789
20100609,14:01:00,CV4,139.1,0,42.77593333,-70.23908333,30.789
20100609,16:08:00,CV4,141,0,42.64071667,-70.52818333,30.575
20100609,18:54:00,CV4,143,2.7,42.35016667,-70.61396667,30.561
20101106,12:02:00,CV5,7,3.2,39.97645,-73.8913,32.027
20101106,14:45:00,CV5,7.1,0,39.79416667,-73.49166667,-999
20101106,18:08:00,CV5,9,2.9,39.7241,-72.904895,32.851
20101106,21:24:00,CV5,10,3.1,39.68586667,-72.45816667,32.711
20101107,12:57:00,CV5,17,0,38.55848667,-74.44869833,-999
20101107,16:00:00,CV5,17.1,0,38.06922667,-74.65686333,-999
20101107,17:52:00,CV5,18,0,37.76827833,-74.77640167,-999
20101107,19:14:00,CV5,18.1,0,37.72481667,-74.56650167,-999
20101107,22:02:00,CV5,20,0,37.58464667,-74.16951,-999
20101108,11:43:00,CV5,26,0,36.47677,-75.08125,-999
20101108,15:23:00,CV5,27.1,0,36.23085,-75.31369667,-999
20101108,17:05:00,CV5,28,0,36.14211833,-75.57995,31.507
20101108,19:30:00,CV5,29.1,0,36.35585,-75.75966667,-999
20101108,21:55:00,CV5,30,3.2,36.72416667,-75.85866667,28
20101109,5:25:00,CV5,33,2.5,37.57333833,-75.54141167,31.738
20101109,11:26:00,CV5,35,2.5,38.3432035,-74.99698333,31.076
20101109,13:45:00,CV5,35.1,0,38.59882667,-74.82736833,-999
20101109,15:39:00,CV5,36,2.5,38.77686667,-74.71831333,32.124
20101109,18:27:00,CV5,37,0,39.10381,-74.51266667,-999
20101109,20:10:00,CV5,38,0,39.22918,-74.247295,-999
20101109,21:10:00,CV5,39,0,39.16116667,-74.17666667,32.285
20101110,11:44:00,CV5,44,0,39.90066667,-72.91366667,-999
20101110,14:29:00,CV5,44.1,0,40.133,-72.7155,-999
20101110,15:54:00,CV5,44.2,0,40.25104333,-72.56601667,-999
20101110,18:03:00,CV5,45,0,40.39166667,-72.35633333,-999
20101110,20:06:00,CV5,45.1,0,40.669,-72.5098,-999
20101112,17:16:00,CV5,46,0,40.4855,-72.1805,-999
20101112,18:52:00,CV5,47,0,40.52116667,-71.98516667,-999
20101112,21:17:00,CV5,48.1,0,40.53683333,-71.75716667,-999
20101113,12:03:00,CV5,52.1,0,40.75366667,-70.71633333,-999
20101113,14:05:00,CV5,53.1,0,40.54766667,-70.505,-999
20101113,15:32:00,CV5,53.2,0,40.35216667,-70.37966667,-999
20101113,18:02:00,CV5,54,0,40.0255,-70.146,-999
20101113,20:00:00,CV5,54.1,0,40.20333333,-70.06266667,-999
20101113,21:18:00,CV5,55,0,40.35766667,-69.98816667,-999
20101114,11:40:00,CV5,61.1,0,40.94933333,-69.74733333,-999
20101114,15:00:00,CV5,63,0,40.76916667,-69.3115,-999
20101114,18:10:00,CV5,64,0,41.061,-69.091,-999
20101114,21:33:00,CV5,65,3.5,41.06116667,-68.91266667,32.224
20101115,9:38:00,CV5,71,3.2,40.17583333,-68.48133333,34.728
20101115,11:56:00,CV5,72,3.4,40.2775,-68.171335,35.593
20101115,14:55:00,CV5,73,0,40.40366667,-67.7615,-999
20101115,17:35:00,CV5,74,3.8,40.59883333,-67.43933333,34.62725364
20101115,21:16:00,CV5,76,3.2,40.83983333,-66.94783333,33.81
20101116,12:15:00,CV5,85,3.5,41.64683333,-66.17183333,33.579
20101116,17:56:00,CV5,87,3.2,41.68,-65.77466667,32.421
20101116,20:40:00,CV5,88,0,41.97566667,-65.92733333,32.479
20101117,12:08:00,CV5,94,2.5,42.54416667,-66.5385,32.377
20101117,14:44:00,CV5,95,0,42.18666667,-66.746,-999
20101117,18:31:00,CV5,96,2.1,42.42833333,-66.99183333,32.565
20101117,20:34:00,CV5,97,3.5,42.60733333,-67.11,33.03
20101118,19:19:00,CV5,102,0,44.299,-67.71433333,-999
20101118,20:39:00,CV5,103,0,44.10516667,-67.7466,-999
20101119,7:01:00,CV5,107,0,43.113,-68.34633333,-999
20101119,13:54:00,CV5,108,0,42.9345,-68.14266667,-999
20101119,16:54:00,CV5,109,3.3,42.85016667,-67.76766667,33.047
20101119,19:32:00,CV5,109.1,0,42.707,-68.08533333,33.047
20101119,21:28:00,CV5,110,0,42.56335,-68.446,-999
20101120,12:35:00,CV5,117,3.3,42.5035,-69.66083333,32.941
20101120,15:20:00,CV5,118,0,42.5215,-69.97583333,-999
20101120,16:35:00,CV5,118.1,0,42.58266667,-70.046,-999
20101120,18:16:00,CV5,119,0,42.765,-70.246,-999
20101120,21:13:00,CV5,121,0,42.90733333,-70.5475,32.363
20101121,13:06:00,CV5,130,3.4,42.1005,-69.11366667,-999
20101121,15:07:00,CV5,131.1,0,41.9585,-68.9855,-999
20101121,18:03:00,CV5,132,0,41.7275,-68.79583333,32.458
20101121,20:35:00,CV5,133,3.8,41.51966667,-68.42133333,32.432
20110602,23:42:00,CV6,2,3,41.21449167,-70.909995,31.4174
20110603,22:20:00,CV6,7,3,40.47557,-71.78467,32.318
20110603,12:35:00,CV6,8,0,40.30931667,-72.07944333,-999
20110603,15:49:00,CV6,10,2.7,40.347735,-72.55378667,31.5005
20110603,16:33:00,CV6,11.1,0,40.14833,-72.68993667,-999
20110603,20:47:00,CV6,12.1,0,39.92450333,-72.43906333,-999
20110603,23:48:00,CV6,14,2.8,39.72545167,-72.49501667,32.3326
20110604,10:37:00,CV6,19,3,39.22816667,-73.27783333,30.1866
20110604,14:47:00,CV6,21.1,0,38.73364667,-73.14524,-999
20110604,17:29:00,CV6,22,3,38.490675,-73.39810333,34.7715
20110604,22:51:00,CV6,22.1,0,38.06335,-73.84055667,-999
20110604,23:59:00,CV6,23,2.8,38.05771667,-73.84830333,34.8717
20110605,10:17:00,CV6,26,0,37.225,-75.24216667,-999
20110605,13:47:00,CV6,28.1,0,36.97702667,-74.97908667,-999
20110605,16:48:00,CV6,30,3,36.89519333,-74.93778,30.5417
20110605,20:34:00,CV6,31.1,0,36.34104,-74.89370167,-999
20110605,23:40:00,CV6,33,3.2,36.18670333,-75.14889167,30.9169
20110606,10:25:00,CV6,38,3,36.44506667,-75.78939333,29.555
20110606,14:00:00,CV6,39.1,0,36.94985333,-75.73335333,-999
20110606,16:20:00,CV6,40,0,37.307345,-75.68117667,-999
20110606,17:24:00,CV6,41,3.1,37.39517833,-75.57301167,-999
20110606,21:11:00,CV6,42,0,37.93284,-75.1805,-999
20110606,23:58:00,CV6,43,0,38.151235,-74.72947333,-999
20110607,10:18:00,CV6,49,0,38.92174333,-73.89667667,-999
20110607,12:50:00,CV6,50,0,39.06174333,-74.40977333,-999
20110607,15:04:00,CV6,52,0,39.17361833,-74.10578833,31.4614
20110607,18:14:00,CV6,54,3,39.52285333,-74.11847667,30.1414
20110607,20:58:00,CV6,54.1,0,39.97153167,-74.03044167,-999
20110607,23:59:00,CV6,56,3,40.326885,-73.73809,26.5405
20110608,10:29:00,CV6,61,2.8,40.728,-72.14705333,30.6364
20110608,15:32:00,CV6,63,0,40.29102,-71.28518,-999
20110608,17:24:00,CV6,64,2.5,40.14437,-71.08147167,33.304
20110608,20:36:00,CV6,64.1,0,40.099035,-70.45764333,-999
20110608,23:46:00,CV6,66,2.8,40.14995167,-69.92862667,32.5863
20110609,9:51:00,CV6,72,0,40.97689667,-69.49708333,-999
20110609,12:53:00,CV6,74,0,40.81076667,-69.21382333,-999
20110609,16:13:00,CV6,76,0,40.63760167,-68.84480333,-999
20110609,20:03:00,CV6,77,0,40.26981,-68.54831167,-999
20110609,23:22:00,CV6,79,2.8,40.641655,-68.30581167,32.2586
20110610,10:42:00,CV6,84,2.6,40.89599333,-67.96770167,32.2851
20110610,15:02:00,CV6,87,0,41.18464833,-68.24716833,-999
20110610,17:30:00,CV6,88,3.1,41.01942167,-67.91534,32.3324
20110610,21:04:00,CV6,89.1,0,41.068325,-67.30406333,-999
20110610,23:46:00,CV6,91,2.8,41.13221,-66.82855833,31.9191
20110611,9:31:00,CV6,98,0,41.57192833,-67.08707333,32.3253
20110611,15:39:00,CV6,101,3,41.41757167,-68.03729833,32.3373
20110611,17:32:00,CV6,102,3.1,41.52439167,-68.31478167,32.282
20110611,20:30:00,CV6,103.1,0,41.76862667,-68.18302,-999
20110611,23:37:00,CV6,105,2.9,41.92933667,-67.61217,32.2621
20110612,9:53:00,CV6,110,2.9,42.06042167,-66.31755,31.9111
20110612,13:49:00,CV6,112,0,42.22374,-65.76801,-999
20110612,16:40:00,CV6,113,2.3,42.39231,-65.85353167,30.9697
20110612,20:30:00,CV6,114.1,0,42.78622,-66.4013,-999
20110612,23:42:00,CV6,116,0,42.66344,-66.92096,-999
20110613,9:51:00,CV6,120,2.8,42.72334333,-67.91059667,31.8223
20110613,14:30:00,CV6,121.1,0,43.17282667,-67.56289667,-999
20110613,16:35:00,CV6,122,0,43.265425,-67.513115,31.9232
20110613,20:34:00,CV6,123,0,43.43623333,-66.81424667,-999
20110613,20:34:00,CV6,124,2.7,43.87005,-66.61085,31.654
20110614,9:47:00,CV6,129,2.5,43.49484167,-67.65162333,31.8805
20110614,14:35:00,CV6,131.1,0,43.22728833,-67.98116333,-999
20110614,16:35:00,CV6,132,2.5,43.21841167,-68.36555333,31.9356
20110614,20:33:00,CV6,132.1,0,43.667845,-68.60274,-999
20110614,23:54:00,CV6,133,2.6,43.92811833,-68.75456333,31.1824
20110615,9:52:00,CV6,136,2.6,43.178025,-69.31996333,31.8999
20110615,14:31:00,CV6,138.1,0,42.651925,-69.29539667,-999
20110615,17:51:00,CV6,140,2.4,42.60977833,-68.95316833,31.8769
20110615,20:38:00,CV6,141,0,42.60088333,-68.44831833,-999
20110615,23:52:00,CV6,142,3.6,42.444,-68.89566,31.6277
20110616,9:54:00,CV6,146,4.1,41.76711333,-69.57163833,31.0388
20110616,13:00:00,CV6,146.1,0,42.00719667,-69.93916667,-999
20110616,15:11:00,CV6,147,3,42.06044833,-70.26334167,30.3365
20110616,18:13:00,CV6,149,2.9,42.19377167,-70.45741,30.4293
20110616,19:57:00,CV6,150,0,42.41907,-70.61687,-999
20110616,23:44:00,CV6,152,2.6,42.50312333,-70.07582,31.0407
20110617,11:19:00,CV6,155,2.5,42.870985,-69.98027333,30.5757
20110617,15:32:00,CV6,156,3,42.87452,-70.07171667,30.6106
20110617,23:15:00,CV6,161,2.5,42.86681333,-70.56627,30.1388
20110618,11:12:00,CV6,169,2.7,42.38104833,-69.97889333,30.9799
20110618,16:17:00,CV6,172,2.8,42.20516667,-70.2435,30.4688
20110618,18:13:00,CV6,173,0,42.203165,-70.34583667,30.3843
20110618,23:53:00,CV6,176,2.6,41.89552833,-70.23832,30.1793
20110619,11:08:00,CV6,181,3,41.08948667,-70.97378333,31.2453
20110619,15:27:00,CV6,185,2.8,40.75538667,-70.96950333,32.1625
20110619,23:17:00,CV6,188,2.4,40.21395333,-70.70982667,32.3679
20110620,11:39:00,CV6,197,0,40.93007333,-70.29972833,-999
20110620,15:46:00,CV6,201,2.8,41.07044667,-70.19554333,30.9856
20110620,17:39:00,CV6,202,0,40.92714333,-70.00607167,30.98
20110620,23:32:00,CV6,206,2.5,40.70027167,-69.73866,31.569
20110621,11:26:00,CV6,213,2.6,40.444755,-69.02126667,32.2337
20110621,16:02:00,CV6,216,2.8,40.76475667,-69.03340667,32.318
20110621,18:27:00,CV6,218,3,40.97242667,-69.01993667,31.8687
20110621,22:18:00,CV6,220,2.8,41.15610667,-69.1317,31.1502
20120807,22:59:00,CV7,2,3.5,41.08882833,-71.04190667,31.9618
20120808,11:26:00,CV7,8,3.2,40.53418333,-71.36552167,32.4088
20120808,16:56:00,CV7,10,2.6,40.37234833,-71.66884,31.735
20120808,20:09:00,CV7,10.1,0,40.06688333,-72.19225,-999
20120808,22:52:00,CV7,11,3.1,39.91680333,-72.61907667,31.3448
20120809,11:21:00,CV7,19,4.1,39.09305667,-72.84571333,31.2327
20120809,14:35:00,CV7,21,0,39.37639,-73.218635,-999
20120809,16:33:00,CV7,23,3.2,39.35928333,-73.45683333,31.1375
20120809,18:04:00,CV7,24,0,39.0971,-73.49611667,-999
20120809,23:01:00,CV7,26,3.3,38.717685,-73.184955,31.8699
20120810,11:46:00,CV7,31,5.2,37.84783167,-74.57551333,31.9768
20120810,14:14:00,CV7,32,0,37.49633333,-74.6565,-999
20120810,17:11:00,CV7,34,0,37.4612,-75.09808667,-999
20120810,19:58:00,CV7,34.1,0,36.99269833,-75.17123,-999
20120810,22:59:00,CV7,35,4.5,36.53098667,-75.23505333,30.9286
20120811,11:18:00,CV7,40,5.9,35.99903333,-74.92113667,35.239
20120811,14:24:00,CV7,42,0,35.80506667,-75.30891667,-999
20120811,17:22:00,CV7,44,3.4,35.98495167,-75.520205,34.2347
20120811,22:36:00,CV7,45,3.5,36.81049833,-75.369665,31.9965
20120812,11:43:00,CV7,52,5,38.32696167,-74.61547,32.2303
20120812,17:03:00,CV7,54,3.6,38.821885,-74.74199,31.8533
20120812,22:31:00,CV7,55,3.9,39.433405,-74.07696667,31.3365
20120813,11:27:00,CV7,62,4.5,40.57666667,-73.19786667,31.3547
20120813,17:31:00,CV7,64,4.7,40.87589833,-72.155225,30.9291
20120813,19:24:00,CV7,65,4,40.87589833,-72.155225,31.6816
20120813,22:39:00,CV7,67,3.6,40.604715,-71.781785,31.4555
20120814,11:23:00,CV7,71,4.6,40.04305167,-70.60255833,33.0599
20120814,19:15:00,CV7,72,2.7,39.93157,-69.50828167,33.8258
20120814,23:22:00,CV7,73,4,40.31965,-69.82163167,33.4668
20120815,12:01:00,CV7,79,4.2,40.64739,-69.10537833,32.9717
20120815,16:28:00,CV7,81,3.9,40.681515,-68.76770667,32.4211
20120815,22:18:00,CV7,83,4.1,40.635455,-67.94383333,32.3767
20120816,11:57:00,CV7,89,0,41.04858167,-67.11899333,32.4948
20120816,16:39:00,CV7,91,3.8,40.86695167,-67.65906667,32.4301
20120816,22:31:00,CV7,95,0,41.17827,-67.765855,32.4884
20120817,11:20:00,CV7,104,3.7,41.51732833,-66.20129833,32.3725
20120817,18:04:00,CV7,106,3.6,41.75571833,-65.43676667,34.2301
20120817,22:58:00,CV7,107,4.5,42.22618833,-65.77896167,-999
20120818,11:16:00,CV7,113,4.4,41.96430833,-66.79846667,32.353
20120818,14:27:00,CV7,115,0,42.093625,-67.39671667,-999
20120818,16:49:00,CV7,116,4.1,42.01915333,-67.66720333,32.3658
20120818,18:25:00,CV7,117,0,41.73520333,-67.60160333,-999
20120818,23:17:00,CV7,119,3.6,41.56138167,-68.22558667,32.5276
20120819,11:32:00,CV7,124,4.1,42.33118833,-68.77624167,31.6955
20120819,14:10:00,CV7,125,0,42.340325,-68.28749333,-999
20120819,17:17:00,CV7,126,3.6,42.68386667,-68.28570667,31.9338
20120819,22:15:00,CV7,127,3.5,42.49025333,-67.373805,32.3429
20120820,22:15:00,CV7,132,4.3,43.02851,-66.343525,-999
20120820,14:00:00,CV7,133,0,43.297805,-66.53813,-999
20120820,16:29:00,CV7,134,3.7,43.40171,-67.07419333,32.7468
20120820,22:00:00,CV7,135,4.1,43.78887,-67.24420833,32.5102
20120821,12:52:00,CV7,141,4.2,43.39673167,-67.68750167,32.5302
20120821,14:08:00,CV7,141.1,0,43.25622,-67.68395667,-999
20120821,21:58:00,CV7,144,4.1,43.05617,-68.36385,31.8521
20120822,12:16:00,CV7,148,4.6,43.578145,-69.30607,32.0955
20120822,18:06:00,CV7,150,4.2,43.1588,-69.84742167,31.5345
20120822,20:08:00,CV7,151,4,43.114265,-69.11433167,31.828
20120823,11:18:00,CV7,158,4.6,42.31384,-70.27670833,31.4959
20120823,17:19:00,CV7,161,4.2,42.41765,-70.855275,31.1294
20120823,22:44:00,CV7,163,3.3,42.53770167,-70.42852667,31.3315
20140323,2:01:00,P16S_2014,0.2,0,-50.65667,157.39153,-999
20140323,22:01:00,P16S_2014,0.3,0,-53.37227,161.0186,-999
20140324,7:01:00,P16S_2014,0.4,0,-54.49423,162.91368,-999
20140324,21:01:00,P16S_2014,0.5,0,-56.41262,166.20823,-999
20140325,3:01:00,P16S_2014,0.6,0,-57.11272,168.02285,-999
20140325,22:01:00,P16S_2014,0.7,0,-59.10033,171.78477,-999
20140326,8:01:00,P16S_2014,1,0,-60.00163,174.0014,33.7787
20140327,6:01:00,P16S_2014,1.1,0,-61.73408,178.81318,-999
20140327,4:01:00,P16S_2014,2,0,-63.49977,-176.00017,33.7868
20140329,23:01:00,P16S_2014,2.1,0,-65.42233,-163.00305,-999
20140330,7:01:00,P16S_2014,3,0,-65.69033,-161.8955,33.8222
20140331,1:01:00,P16S_2014,4,0,-66.49944,-155.99999,33.6154
20140331,20:01:00,P16S_2014,5,0,-67.00028,-149.99858,33.728
20140401,23:01:00,P16S_2014,8,0,-65.48895,-149.01972,33.779
20140403,7:01:00,P16S_2014,11,0,-63.99823,-150.0003,33.7572
20140404,3:01:00,P16S_2014,13,0,-63.00032,-149.99872,33.8998
20140406,20:01:00,P16S_2014,16,0,-58.9977,-149.99947,33.8189
20140407,3:01:00,P16S_2014,17,0,-60,-149.9996,33.9327
20140407,22:01:00,P16S_2014,19,0,-61.00012,-150.00012,34.0222
20140409,4:01:00,P16S_2014,22,0,-57.50033,-149.99867,33.7269
20140410,3:01:00,P16S_2014,25,0,-55.99973,-149.99933,33.7382
20140411,7:01:00,P16S_2014,27,0,-54.99955,-150.00105,33.8568
20140411,22:01:00,P16S_2014,29,0,-54.0067,-149.94707,33.9922
20140412,21:01:00,P16S_2014,32,0,-52.49947,-149.99882,34.3513
20140413,22:01:00,P16S_2014,35,0,-51.00057,-150.00043,34.4554
20140414,9:01:00,P16S_2014,37,0,-50.00115,-150.00017,34.4775
20140414,21:01:00,P16S_2014,38,0,-49.50005,-150.00008,34.4963
20140415,20:01:00,P16S_2014,40,0,-48.33363,-149.99997,34.4934
20140417,0:01:00,P16S_2014,43,0,-46.33833,-149.9871,34.3905
20140417,22:01:00,P16S_2014,45,0,-44.99985,-150.00083,34.3516
20140418,22:01:00,P16S_2014,48,0,-42.9957,-149.99787,34.3414
20140419,20:01:00,P16S_2014,50,0,-41.6667,-150.00008,34.4117
20140419,20:01:00,P16S_2014,50,0,-41.6667,-150.00008,34.4117
20140420,1:01:00,P16S_2014,51,0,-41.0031,-149.99973,34.4094
20140420,23:01:00,P16S_2014,53,0,-39.66718,-149.99992,34.555
20140421,20:01:00,P16S_2014,55,0,-38.33897,-150.0005,34.5009
20140422,5:01:00,P16S_2014,56,0,-37.66665,-149.99992,34.9353
20140423,1:01:00,P16S_2014,58,0,-36.32908,-149.9927,34.9815
20140423,23:01:00,P16S_2014,60,0,-34.00002,-150,35.3885
20140424,20:01:00,P16S_2014,63,0,-33.00038,-149.99992,35.4004
20140426,19:13:08,P16S_2014,65,5,-31.66688,-150.00001,35.4107
20140426,0:01:00,P16S_2014,66,0,-31.00002,-149.99937,35.3751
20140426,21:01:00,P16S_2014,68,0,-29.66622,-150.00065,35.2001
20140427,22:01:00,P16S_2014,71,0,-27.6667,-149.99992,35.4981
20140428,19:01:00,P16S_2014,74,0,-25.6668,-150,35.4333
20140429,16:42:01,P16S_2014,76,5,-24.33303,-150.00007,35.5029
20140429,21:01:00,P16S_2014,77,0,-23.6665,-149.99985,35.8487
20140430,21:01:00,P16S_2014,80,0,-21.66668,-150.00013,35.8648
20140501,17:26:02,P16S_2014,82,5,-20.33322,-150.00018,35.8239
20140501,21:01:00,P16S_2014,83,0,-19.66668,-149.9999,35.8886
20140502,17:42:19,P16S_2014,85,5,-18.33337,-150.00024,35.6746
20140502,22:01:00,P16S_2014,86,0,-17.66685,-150.00002,35.488
20140503,22:01:00,P16S_2014,89,0,-15.666,-150.00822,35.3145
20160522,0:14:00,KR_2016,8,2.5,37.0196,130.7134,34.467985
20160522,2:40:00,KR_2016,9,2,37.03,130.73,34.463257
20160522,4:29:00,KR_2016,10,2,37.0284,130.75,34.449513
20160522,6:20:00,KR_2016,11,2,37.03,130.7525,34.445284
20160522,9:19:00,KR_2016,12,2,37.004,130.8,34.416843
20160523,1:21:00,KR_2016,17,2,37.5334,131.3806,-999
20160523,2:56:00,KR_2016,18,2,37.6249,131.3086,34.430038
20160523,4:33:00,KR_2016,19,2,37.72,131.24,34.404308
20160523,21:38:00,KR_2016,22,2,37.06,131.166,34.361263
20160523,23:39:00,KR_2016,23,2,37.09,130.95,34.486987
20160524,2:24:00,KR_2016,24,2,37.1213,130.77,34.510467
20160524,5:28:00,KR_2016,25,5,37.1516,130.6,34.520814
20160525,0:24:00,KR_2016,30,2,37.67,129.67,34.166948
20160525,2:32:00,KR_2016,31,2,37.6955,129.628,34.19566
20160525,3:47:00,KR_2016,32,2,37.77,129.65,34.307389
20160525,6:08:00,KR_2016,33,2,37.8149,129.607,34.307126
20160525,8:32:00,KR_2016,34,2,37.82,129.556,34.312833
20160526,2:05:00,KR_2016,39,2,36.45,130.08,34.219901
20160526,5:04:00,KR_2016,40,2,36.3926,129.9692,34.034674
20160526,7:00:00,KR_2016,41,2,36.253,129.902,34.01191
20160527,5:30:00,KR_2016,42,2.5,36.01,129.84,-999
20160527,11:13:00,KR_2016,43,2.8,35.835,130,34.413113
20160527,22:05:00,KR_2016,45.1,2,34.249,128.514,-999
20160528,0:40:00,KR_2016,46,0,34.125,128.49,33.529296
20160528,3:10:00,KR_2016,47,2,33.995,127.99,33.720118
20160528,9:00:00,KR_2016,49,2,33.7499,127.5,32.652605
20160528,23:20:00,KR_2016,50.1,2,35.004,125.002,32.217162
20160529,4:40:00,KR_2016,52,2,35,124.67,32.234727
20160529,9:42:00,KR_2016,54,2,35.087,124.353,32.302363
20160529,21:38:00,KR_2016,58,2,35.61,124.3551,32.291089
20160530,2:52:00,KR_2016,60,2,35.0884,124.3727,32.300787
20160530,5:58:00,KR_2016,61,2,35.0648,124.3744,32.301105
20160530,8:14:00,KR_2016,62,2,35.0314,124.381,32.288586
20160530,10:08:00,KR_2016,63,2,35.0387,124.2723,32.287527
20160530,23:36:00,KR_2016,65,2,35.667,124.997,32.24974
20160531,2:04:00,KR_2016,66,2,35.6673,125.1665,32.263279
20160531,5:02:00,KR_2016,67,2,35.6678,125.4986,32.180781
20160531,9:08:00,KR_2016,68,2,35.701,125.82,32.202042
20160601,0:51:00,KR_2016,68.1,0,37.1017,125.4956,31.68846
20160601,2:28:00,KR_2016,69,2,37.3395,125.6725,31.550384
20160601,6:07:00,KR_2016,70,2,37.3451,125.6769,31.545741
20160601,7:07:00,KR_2016,71,2,37.33,125.657,31.500586
20160601,8:40:00,KR_2016,72,2,37.333,125.66,31.418
20160602,2:54:00,KR_2016,74,0,34.1674,124.3334,32.285148
20160602,4:38:00,KR_2016,75,2,34.999,124.3362,32.311736
20160602,7:20:00,KR_2016,76,2,34.834,124.332,32.31325
20160602,9:18:00,KR_2016,77,2,34.6673,124.3338,32.290606
20160602,23:45:00,KR_2016,79,2,33.46,124.22,28.911972
20160603,2:00:00,KR_2016,80,2,33.481,124,28.918878
20160603,4:02:00,KR_2016,81,2,33.5082,124.2004,29.112139
20160603,6:01:00,KR_2016,82,2,33.504,124.218,28.936676
20160603,8:04:00,KR_2016,83,3,33.487,124.242,28.984899
20160603,10:31:00,KR_2016,84,2,33.442,124.235,28.932684
20160605,1:49:00,KR_2016,88,4,33.6363,127.2284,31.905109
20160605,5:30:00,KR_2016,89.1,2.4,33.748,127.507,32.16081
20160605,8:44:00,KR_2016,90,6,33.8971,127.7959,-999
20220826,14:00:00,ECOA-3,109,2.5,40.9759,-71.86972,32.0784
20220827,14:30:00,ECOA-3,118,2.5,40.284,-73.754,-999
20220810,14:45:00,ECOA-3,11,2.2,44.5368,-66.44652,31.3387
20220909,16:51:00,ECOA-3,147,3.2,38.8185,-74.91978,32.0359
20220910,18:28:00,ECOA-3,153_2,3,37.0214,-76.05964,28.8317
20220912,16:22:00,ECOA-3,166,2.9,34.8962,-75.86248,35.471
20220913,19:01:00,ECOA-3,174,3.1,33.467,-76.24242,35.9643
20220914,16:15:00,ECOA-3,176,2.3,31.3223,-76.9651,36.2223
20220917,17:58:00,ECOA-3,187,3.4,31.3969,-80.74532,36.0664
20220918,16:08:00,ECOA-3,196,3.1,30.498,-78.50502,36.0337
20220919,19:11:00,ECOA-3,200,2.5,29.2436,-76.83952,36.3555
20220920,18:04:00,ECOA-3,205,2.6,28.8926,-79.83326,35.7947
20220811,13:53:00,ECOA-3,20,2.3,43.4879,-67.8562,32.2873
20220921,16:07:00,ECOA-3,218,2.9,29.9989,-80.35818,35.1891
20220812,15:41:00,ECOA-3,25,2.5,44.1986,-63.60372,31.1101
20220813,17:06:00,ECOA-3,31,3,42.5341,-61.40664,33.3624
20220814,15:25:00,ECOA-3,33,4.2,44.3935,-58.51044,30.4412
20220816,17:30:00,ECOA-3,43,4,42.9018,-65.75628,26.1787
20220817,16:24:00,ECOA-3,51,2.5,42.0433,-66.46167,32.2123
20220818,16:05:00,ECOA-3,58,4,42.1245,-67.08472,32.7187
20220809,14:20:00,ECOA-3,5,3.1,44.1019,-68.09872,29.7144
20220819,15:30:00,ECOA-3,65,3.8,40.6868,-66.48456,-999
20220820,15:30:00,ECOA-3,71,2.5,40.6868,-66.48456,32.6817
20220821,18:06:00,ECOA-3,77,5.5,42.9422,-70.2935,32.0541
20220822,17:27:00,ECOA-3,84,2.9,41.2334,-69.29066,32.0438
